code,name,market
600236,桂冠电力,A股
601991,大唐发电,A股
600350,山东高速,A股
601001,晋控煤业,A股
002053,云南能投,A股
000933,神火股份,A股
600132,重庆啤酒,A股
600188,兖矿能源,A股
003816,中国广核,A股
600595,中孚实业,A股
601919,中远海控,A股
513180,恒生科技,A股
600900,长江电力,A股
601628,中国人寿,A股
513390,纳指100,A股
600276,恒瑞医药,A股
002142,宁波银行,A股
600256,广汇能源,A股
000983,山西焦煤,A股
601088,中国神华,A股
600919,江苏银行,A股
002039,黔源电力,A股
603259,药明康德,A股
159561,德国ETF,A股
601838,成都银行,A股
000600,建投能源,A股
600415,小商品城,A股
600886,国投电力,A股
601318,中国平安,A股
001286,陕西能源,A股
513330,恒生互联网,A股
159502,标普生物,A股
002714,牧原股份,A股
601899,紫金矿业,A股
513520,日本ETF,A股
600089,特变电工,A股
002648,卫星化学,A股
600795,国电电力,A股
000828,东莞控股,A股
603979,金诚信,A股
000333,美的集团,A股
002202,金风科技,A股
600578,京能电力,A股
601898,中煤能源,A股
600362,江西铜业,A股
601021,春秋航空,A股
159530,易方达机器人,A股
601225,陕西煤业,A股
603885,吉祥航空,A股
601699,潞安环能,A股
600989,宝丰能源,A股
513290,纳指生物,A股
600546,山煤国际,A股
600690,海尔智家,A股
600887,伊利股份,A股
159570,港股医疗,A股
600406,国电南瑞,A股
000429,粤高速A,A股
600036,招商银行,A股
600031,三一重工,A股
601199,江南水务,A股
600938,中国海油,A股
603993,洛阳钼业,A股
513080,法国ETF,A股
601857,中国石油,A股
601985,中国核电,A股
002032,苏泊尔,A股
600025,华能水电,A股
000807,云铝股份,A股
600309,万华化学,A股
000408,藏格矿业,A股
603345,安井食品,A股
601872,招商轮船,A股
